schedule,time_s,T_gas_K,T_metal_K
startup,  0.00000000E+00,  7.97071404E+02,  2.88150000E+02
startup,  1.00000000E+01,  7.97071404E+02,  3.12947329E+02
startup,  2.00000000E+01,  7.97071404E+02,  3.36491092E+02
startup,  3.00000000E+01,  7.97071404E+02,  3.58844660E+02
startup,  4.00000000E+01,  7.97071404E+02,  3.80068200E+02
startup,  5.00000000E+01,  7.97071404E+02,  4.00218837E+02
startup,  6.00000000E+01,  7.97071404E+02,  4.19350811E+02
startup,  7.00000000E+01,  7.97071404E+02,  4.37515616E+02
startup,  8.00000000E+01,  7.97071404E+02,  4.54762146E+02
startup,  9.00000000E+01,  7.97071404E+02,  4.71136821E+02
startup,  1.00000000E+02,  7.97071404E+02,  4.86683716E+02
startup,  1.10000000E+02,  7.97071404E+02,  5.01444677E+02
startup,  1.20000000E+02,  7.97071404E+02,  5.15459436E+02
startup,  1.30000000E+02,  7.97071404E+02,  5.28765713E+02
startup,  1.40000000E+02,  7.97071404E+02,  5.41399326E+02
startup,  1.50000000E+02,  7.97071404E+02,  5.53394279E+02
startup,  1.60000000E+02,  7.97071404E+02,  5.64782857E+02
startup,  1.70000000E+02,  7.97071404E+02,  5.75595715E+02
startup,  1.80000000E+02,  7.97071404E+02,  5.85861956E+02
startup,  1.90000000E+02,  7.97071404E+02,  5.95609213E+02
startup,  2.00000000E+02,  7.97071404E+02,  6.04863722E+02
startup,  2.10000000E+02,  7.97071404E+02,  6.13650394E+02
startup,  2.20000000E+02,  7.97071404E+02,  6.21992877E+02
startup,  2.30000000E+02,  7.97071404E+02,  6.29913627E+02
startup,  2.40000000E+02,  7.97071404E+02,  6.37433964E+02
startup,  2.50000000E+02,  7.97071404E+02,  6.44574130E+02
startup,  2.60000000E+02,  7.97071404E+02,  6.51353342E+02
startup,  2.70000000E+02,  7.97071404E+02,  6.57789849E+02
startup,  2.80000000E+02,  7.97071404E+02,  6.63900974E+02
startup,  2.90000000E+02,  7.97071404E+02,  6.69703167E+02
startup,  3.00000000E+02,  7.97071404E+02,  6.75212045E+02
startup,  3.10000000E+02,  7.97071404E+02,  6.80442435E+02
startup,  3.20000000E+02,  7.97071404E+02,  6.85408417E+02
startup,  3.30000000E+02,  7.97071404E+02,  6.90123356E+02
startup,  3.40000000E+02,  7.97071404E+02,  6.94599943E+02
startup,  3.50000000E+02,  7.97071404E+02,  6.98850227E+02
startup,  3.60000000E+02,  7.97071404E+02,  7.02885650E+02
startup,  3.70000000E+02,  7.97071404E+02,  7.06717071E+02
startup,  3.80000000E+02,  7.97071404E+02,  7.10354805E+02
startup,  3.90000000E+02,  7.97071404E+02,  7.13808643E+02
startup,  4.00000000E+02,  7.97071404E+02,  7.17087880E+02
startup,  4.10000000E+02,  7.97071404E+02,  7.20201344E+02
startup,  4.20000000E+02,  7.97071404E+02,  7.23157415E+02
startup,  4.30000000E+02,  7.97071404E+02,  7.25964049E+02
startup,  4.40000000E+02,  7.97071404E+02,  7.28628801E+02
startup,  4.50000000E+02,  7.97071404E+02,  7.31158843E+02
startup,  4.60000000E+02,  7.97071404E+02,  7.33560986E+02
startup,  4.70000000E+02,  7.97071404E+02,  7.35841694E+02
startup,  4.80000000E+02,  7.97071404E+02,  7.38007106E+02
startup,  4.90000000E+02,  7.97071404E+02,  7.40063052E+02
startup,  5.00000000E+02,  7.97071404E+02,  7.42015065E+02
startup,  5.10000000E+02,  7.97071404E+02,  7.43868398E+02
startup,  5.20000000E+02,  7.97071404E+02,  7.45628041E+02
startup,  5.30000000E+02,  7.97071404E+02,  7.47298730E+02
startup,  5.40000000E+02,  7.97071404E+02,  7.48884961E+02
startup,  5.50000000E+02,  7.97071404E+02,  7.50391004E+02
startup,  5.60000000E+02,  7.97071404E+02,  7.51820914E+02
startup,  5.70000000E+02,  7.97071404E+02,  7.53178537E+02
startup,  5.80000000E+02,  7.97071404E+02,  7.54467530E+02
startup,  5.90000000E+02,  7.97071404E+02,  7.55691361E+02
startup,  6.00000000E+02,  7.97071404E+02,  7.56853324E+02
startup,  6.10000000E+02,  7.97071404E+02,  7.57956547E+02
startup,  6.20000000E+02,  7.97071404E+02,  7.59003999E+02
startup,  6.30000000E+02,  7.97071404E+02,  7.59998500E+02
startup,  6.40000000E+02,  7.97071404E+02,  7.60942727E+02
startup,  6.50000000E+02,  7.97071404E+02,  7.61839221E+02
startup,  6.60000000E+02,  7.97071404E+02,  7.62690394E+02
startup,  6.70000000E+02,  7.97071404E+02,  7.63498539E+02
startup,  6.80000000E+02,  7.97071404E+02,  7.64265830E+02
startup,  6.90000000E+02,  7.97071404E+02,  7.64994333E+02
startup,  7.00000000E+02,  7.97071404E+02,  7.65686008E+02
startup,  7.10000000E+02,  7.97071404E+02,  7.66342717E+02
startup,  7.20000000E+02,  7.97071404E+02,  7.66966228E+02
startup,  7.30000000E+02,  7.97071404E+02,  7.67558219E+02
startup,  7.40000000E+02,  7.97071404E+02,  7.68120283E+02
startup,  7.50000000E+02,  7.97071404E+02,  7.68653934E+02
startup,  7.60000000E+02,  7.97071404E+02,  7.69160607E+02
startup,  7.70000000E+02,  7.97071404E+02,  7.69641667E+02
startup,  7.80000000E+02,  7.97071404E+02,  7.70098407E+02
startup,  7.90000000E+02,  7.97071404E+02,  7.70532059E+02
startup,  8.00000000E+02,  7.97071404E+02,  7.70943788E+02
startup,  8.10000000E+02,  7.97071404E+02,  7.71334704E+02
startup,  8.20000000E+02,  7.97071404E+02,  7.71705857E+02
startup,  8.30000000E+02,  7.97071404E+02,  7.72058248E+02
startup,  8.40000000E+02,  7.97071404E+02,  7.72392825E+02
startup,  8.50000000E+02,  7.97071404E+02,  7.72710488E+02
startup,  8.60000000E+02,  7.97071404E+02,  7.73012092E+02
startup,  8.70000000E+02,  7.97071404E+02,  7.73298450E+02
startup,  8.80000000E+02,  7.97071404E+02,  7.73570332E+02
startup,  8.90000000E+02,  7.97071404E+02,  7.73828469E+02
startup,  9.00000000E+02,  7.97071404E+02,  7.74073556E+02
startup,  9.10000000E+02,  7.97071404E+02,  7.74306254E+02
startup,  9.20000000E+02,  7.97071404E+02,  7.74527189E+02
startup,  9.30000000E+02,  7.97071404E+02,  7.74736955E+02
startup,  9.40000000E+02,  7.97071404E+02,  7.74936116E+02
startup,  9.50000000E+02,  7.97071404E+02,  7.75125210E+02
startup,  9.60000000E+02,  7.97071404E+02,  7.75304744E+02
startup,  9.70000000E+02,  7.97071404E+02,  7.75475202E+02
startup,  9.80000000E+02,  7.97071404E+02,  7.75637044E+02
startup,  9.90000000E+02,  7.97071404E+02,  7.75790703E+02
startup,  1.00000000E+03,  7.97071404E+02,  7.75936595E+02
startup,  1.01000000E+03,  7.97071404E+02,  7.76075112E+02
startup,  1.02000000E+03,  7.97071404E+02,  7.76206626E+02
startup,  1.03000000E+03,  7.97071404E+02,  7.76331492E+02
startup,  1.04000000E+03,  7.97071404E+02,  7.76450046E+02
startup,  1.05000000E+03,  7.97071404E+02,  7.76562607E+02
startup,  1.06000000E+03,  7.97071404E+02,  7.76669477E+02
startup,  1.07000000E+03,  7.97071404E+02,  7.76770945E+02
startup,  1.08000000E+03,  7.97071404E+02,  7.76867283E+02
startup,  1.09000000E+03,  7.97071404E+02,  7.76958751E+02
startup,  1.10000000E+03,  7.97071404E+02,  7.77045596E+02
startup,  1.11000000E+03,  7.97071404E+02,  7.77128050E+02
startup,  1.12000000E+03,  7.97071404E+02,  7.77206335E+02
startup,  1.13000000E+03,  7.97071404E+02,  7.77280664E+02
startup,  1.14000000E+03,  7.97071404E+02,  7.77351234E+02
startup,  1.15000000E+03,  7.97071404E+02,  7.77418238E+02
startup,  1.16000000E+03,  7.97071404E+02,  7.77481854E+02
startup,  1.17000000E+03,  7.97071404E+02,  7.77542254E+02
startup,  1.18000000E+03,  7.97071404E+02,  7.77599601E+02
startup,  1.19000000E+03,  7.97071404E+02,  7.77654048E+02
startup,  1.20000000E+03,  7.97071404E+02,  7.77705744E+02
startup,  1.21000000E+03,  7.97071404E+02,  7.77754826E+02
startup,  1.22000000E+03,  7.97071404E+02,  7.77801426E+02
startup,  1.23000000E+03,  7.97071404E+02,  7.77845671E+02
startup,  1.24000000E+03,  7.97071404E+02,  7.77887680E+02
startup,  1.25000000E+03,  7.97071404E+02,  7.77927564E+02
startup,  1.26000000E+03,  7.97071404E+02,  7.77965433E+02
startup,  1.27000000E+03,  7.97071404E+02,  7.78001387E+02
startup,  1.28000000E+03,  7.97071404E+02,  7.78035523E+02
startup,  1.29000000E+03,  7.97071404E+02,  7.78067934E+02
startup,  1.30000000E+03,  7.97071404E+02,  7.78098706E+02
startup,  1.31000000E+03,  7.97071404E+02,  7.78127923E+02
startup,  1.32000000E+03,  7.97071404E+02,  7.78155663E+02
startup,  1.33000000E+03,  7.97071404E+02,  7.78182000E+02
startup,  1.34000000E+03,  7.97071404E+02,  7.78207006E+02
startup,  1.35000000E+03,  7.97071404E+02,  7.78230748E+02
startup,  1.36000000E+03,  7.97071404E+02,  7.78253290E+02
startup,  1.37000000E+03,  7.97071404E+02,  7.78274692E+02
startup,  1.38000000E+03,  7.97071404E+02,  7.78295012E+02
startup,  1.39000000E+03,  7.97071404E+02,  7.78314305E+02
startup,  1.40000000E+03,  7.97071404E+02,  7.78332623E+02
startup,  1.41000000E+03,  7.97071404E+02,  7.78350014E+02
startup,  1.42000000E+03,  7.97071404E+02,  7.78366527E+02
startup,  1.43000000E+03,  7.97071404E+02,  7.78382205E+02
startup,  1.44000000E+03,  7.97071404E+02,  7.78397090E+02
startup,  1.45000000E+03,  7.97071404E+02,  7.78411222E+02
startup,  1.46000000E+03,  7.97071404E+02,  7.78424641E+02
startup,  1.47000000E+03,  7.97071404E+02,  7.78437381E+02
startup,  1.48000000E+03,  7.97071404E+02,  7.78449477E+02
startup,  1.49000000E+03,  7.97071404E+02,  7.78460961E+02
startup,  1.50000000E+03,  7.97071404E+02,  7.78471865E+02
startup,  1.51000000E+03,  7.97071404E+02,  7.78482217E+02
startup,  1.52000000E+03,  7.97071404E+02,  7.78492047E+02
startup,  1.53000000E+03,  7.97071404E+02,  7.78501379E+02
startup,  1.54000000E+03,  7.97071404E+02,  7.78510240E+02
startup,  1.55000000E+03,  7.97071404E+02,  7.78518652E+02
startup,  1.56000000E+03,  7.97071404E+02,  7.78526640E+02
startup,  1.57000000E+03,  7.97071404E+02,  7.78534223E+02
startup,  1.58000000E+03,  7.97071404E+02,  7.78541424E+02
startup,  1.59000000E+03,  7.97071404E+02,  7.78548260E+02
startup,  1.60000000E+03,  7.97071404E+02,  7.78554751E+02
startup,  1.61000000E+03,  7.97071404E+02,  7.78560913E+02
startup,  1.62000000E+03,  7.97071404E+02,  7.78566764E+02
startup,  1.63000000E+03,  7.97071404E+02,  7.78572319E+02
startup,  1.64000000E+03,  7.97071404E+02,  7.78577594E+02
startup,  1.65000000E+03,  7.97071404E+02,  7.78582602E+02
startup,  1.66000000E+03,  7.97071404E+02,  7.78587356E+02
startup,  1.67000000E+03,  7.97071404E+02,  7.78591870E+02
startup,  1.68000000E+03,  7.97071404E+02,  7.78596157E+02
startup,  1.69000000E+03,  7.97071404E+02,  7.78600226E+02
startup,  1.70000000E+03,  7.97071404E+02,  7.78604090E+02
startup,  1.71000000E+03,  7.97071404E+02,  7.78607758E+02
startup,  1.72000000E+03,  7.97071404E+02,  7.78611241E+02
startup,  1.73000000E+03,  7.97071404E+02,  7.78614548E+02
startup,  1.74000000E+03,  7.97071404E+02,  7.78617687E+02
startup,  1.75000000E+03,  7.97071404E+02,  7.78620668E+02
startup,  1.76000000E+03,  7.97071404E+02,  7.78623499E+02
startup,  1.77000000E+03,  7.97071404E+02,  7.78626186E+02
startup,  1.78000000E+03,  7.97071404E+02,  7.78628737E+02
startup,  1.79000000E+03,  7.97071404E+02,  7.78631159E+02
startup,  1.80000000E+03,  7.97071404E+02,  7.78633459E+02
startup,  1.81000000E+03,  7.97071404E+02,  7.78635643E+02
startup,  1.82000000E+03,  7.97071404E+02,  7.78637716E+02
startup,  1.83000000E+03,  7.97071404E+02,  7.78639685E+02
startup,  1.84000000E+03,  7.97071404E+02,  7.78641554E+02
startup,  1.85000000E+03,  7.97071404E+02,  7.78643328E+02
startup,  1.86000000E+03,  7.97071404E+02,  7.78645013E+02
startup,  1.87000000E+03,  7.97071404E+02,  7.78646612E+02
startup,  1.88000000E+03,  7.97071404E+02,  7.78648131E+02
startup,  1.89000000E+03,  7.97071404E+02,  7.78649573E+02
startup,  1.90000000E+03,  7.97071404E+02,  7.78650942E+02
startup,  1.91000000E+03,  7.97071404E+02,  7.78652242E+02
startup,  1.92000000E+03,  7.97071404E+02,  7.78653476E+02
startup,  1.93000000E+03,  7.97071404E+02,  7.78654648E+02
startup,  1.94000000E+03,  7.97071404E+02,  7.78655760E+02
startup,  1.95000000E+03,  7.97071404E+02,  7.78656817E+02
startup,  1.96000000E+03,  7.97071404E+02,  7.78657819E+02
startup,  1.97000000E+03,  7.97071404E+02,  7.78658772E+02
startup,  1.98000000E+03,  7.97071404E+02,  7.78659676E+02
startup,  1.99000000E+03,  7.97071404E+02,  7.78660534E+02
startup,  2.00000000E+03,  7.97071404E+02,  7.78661349E+02
startup,  2.01000000E+03,  7.97071404E+02,  7.78662123E+02
startup,  2.02000000E+03,  7.97071404E+02,  7.78662857E+02
startup,  2.03000000E+03,  7.97071404E+02,  7.78663555E+02
startup,  2.04000000E+03,  7.97071404E+02,  7.78664217E+02
startup,  2.05000000E+03,  7.97071404E+02,  7.78664846E+02
startup,  2.06000000E+03,  7.97071404E+02,  7.78665443E+02
startup,  2.07000000E+03,  7.97071404E+02,  7.78666010E+02
startup,  2.08000000E+03,  7.97071404E+02,  7.78666548E+02
startup,  2.09000000E+03,  7.97071404E+02,  7.78667059E+02
startup,  2.10000000E+03,  7.97071404E+02,  7.78667544E+02
startup,  2.11000000E+03,  7.97071404E+02,  7.78668004E+02
startup,  2.12000000E+03,  7.97071404E+02,  7.78668442E+02
startup,  2.13000000E+03,  7.97071404E+02,  7.78668857E+02
startup,  2.14000000E+03,  7.97071404E+02,  7.78669251E+02
startup,  2.15000000E+03,  7.97071404E+02,  7.78669625E+02
startup,  2.16000000E+03,  7.97071404E+02,  7.78669981E+02
startup,  2.17000000E+03,  7.97071404E+02,  7.78670318E+02
startup,  2.18000000E+03,  7.97071404E+02,  7.78670638E+02
startup,  2.19000000E+03,  7.97071404E+02,  7.78670943E+02
startup,  2.20000000E+03,  7.97071404E+02,  7.78671231E+02
startup,  2.21000000E+03,  7.97071404E+02,  7.78671505E+02
startup,  2.22000000E+03,  7.97071404E+02,  7.78671766E+02
startup,  2.23000000E+03,  7.97071404E+02,  7.78672013E+02
startup,  2.24000000E+03,  7.97071404E+02,  7.78672248E+02
startup,  2.25000000E+03,  7.97071404E+02,  7.78672470E+02
startup,  2.26000000E+03,  7.97071404E+02,  7.78672682E+02
startup,  2.27000000E+03,  7.97071404E+02,  7.78672883E+02
startup,  2.28000000E+03,  7.97071404E+02,  7.78673073E+02
startup,  2.29000000E+03,  7.97071404E+02,  7.78673254E+02
startup,  2.30000000E+03,  7.97071404E+02,  7.78673426E+02
startup,  2.31000000E+03,  7.97071404E+02,  7.78673590E+02
startup,  2.32000000E+03,  7.97071404E+02,  7.78673745E+02
startup,  2.33000000E+03,  7.97071404E+02,  7.78673892E+02
startup,  2.34000000E+03,  7.97071404E+02,  7.78674031E+02
startup,  2.35000000E+03,  7.97071404E+02,  7.78674164E+02
startup,  2.36000000E+03,  7.97071404E+02,  7.78674290E+02
startup,  2.37000000E+03,  7.97071404E+02,  7.78674409E+02
startup,  2.38000000E+03,  7.97071404E+02,  7.78674523E+02
startup,  2.39000000E+03,  7.97071404E+02,  7.78674631E+02
startup,  2.40000000E+03,  7.97071404E+02,  7.78674733E+02
startup,  2.41000000E+03,  7.97071404E+02,  7.78674830E+02
startup,  2.42000000E+03,  7.97071404E+02,  7.78674922E+02
startup,  2.43000000E+03,  7.97071404E+02,  7.78675010E+02
startup,  2.44000000E+03,  7.97071404E+02,  7.78675093E+02
startup,  2.45000000E+03,  7.97071404E+02,  7.78675172E+02
startup,  2.46000000E+03,  7.97071404E+02,  7.78675247E+02
startup,  2.47000000E+03,  7.97071404E+02,  7.78675318E+02
startup,  2.48000000E+03,  7.97071404E+02,  7.78675386E+02
startup,  2.49000000E+03,  7.97071404E+02,  7.78675450E+02
startup,  2.50000000E+03,  7.97071404E+02,  7.78675511E+02
startup,  2.51000000E+03,  7.97071404E+02,  7.78675569E+02
startup,  2.52000000E+03,  7.97071404E+02,  7.78675624E+02
startup,  2.53000000E+03,  7.97071404E+02,  7.78675676E+02
startup,  2.54000000E+03,  7.97071404E+02,  7.78675725E+02
startup,  2.55000000E+03,  7.97071404E+02,  7.78675772E+02
startup,  2.56000000E+03,  7.97071404E+02,  7.78675817E+02
startup,  2.57000000E+03,  7.97071404E+02,  7.78675859E+02
startup,  2.58000000E+03,  7.97071404E+02,  7.78675899E+02
startup,  2.59000000E+03,  7.97071404E+02,  7.78675938E+02
startup,  2.60000000E+03,  7.97071404E+02,  7.78675974E+02
startup,  2.61000000E+03,  7.97071404E+02,  7.78676008E+02
startup,  2.62000000E+03,  7.97071404E+02,  7.78676041E+02
startup,  2.63000000E+03,  7.97071404E+02,  7.78676072E+02
startup,  2.64000000E+03,  7.97071404E+02,  7.78676101E+02
startup,  2.65000000E+03,  7.97071404E+02,  7.78676129E+02
startup,  2.66000000E+03,  7.97071404E+02,  7.78676156E+02
startup,  2.67000000E+03,  7.97071404E+02,  7.78676181E+02
startup,  2.68000000E+03,  7.97071404E+02,  7.78676205E+02
startup,  2.69000000E+03,  7.97071404E+02,  7.78676228E+02
startup,  2.70000000E+03,  7.97071404E+02,  7.78676249E+02
startup,  2.71000000E+03,  7.97071404E+02,  7.78676270E+02
startup,  2.72000000E+03,  7.97071404E+02,  7.78676289E+02
startup,  2.73000000E+03,  7.97071404E+02,  7.78676308E+02
startup,  2.74000000E+03,  7.97071404E+02,  7.78676325E+02
startup,  2.75000000E+03,  7.97071404E+02,  7.78676342E+02
startup,  2.76000000E+03,  7.97071404E+02,  7.78676358E+02
startup,  2.77000000E+03,  7.97071404E+02,  7.78676373E+02
startup,  2.78000000E+03,  7.97071404E+02,  7.78676387E+02
startup,  2.79000000E+03,  7.97071404E+02,  7.78676401E+02
startup,  2.80000000E+03,  7.97071404E+02,  7.78676413E+02
startup,  2.81000000E+03,  7.97071404E+02,  7.78676426E+02
startup,  2.82000000E+03,  7.97071404E+02,  7.78676437E+02
startup,  2.83000000E+03,  7.97071404E+02,  7.78676448E+02
startup,  2.84000000E+03,  7.97071404E+02,  7.78676459E+02
startup,  2.85000000E+03,  7.97071404E+02,  7.78676469E+02
startup,  2.86000000E+03,  7.97071404E+02,  7.78676478E+02
startup,  2.87000000E+03,  7.97071404E+02,  7.78676487E+02
startup,  2.88000000E+03,  7.97071404E+02,  7.78676495E+02
startup,  2.89000000E+03,  7.97071404E+02,  7.78676503E+02
startup,  2.90000000E+03,  7.97071404E+02,  7.78676511E+02
startup,  2.91000000E+03,  7.97071404E+02,  7.78676518E+02
startup,  2.92000000E+03,  7.97071404E+02,  7.78676525E+02
startup,  2.93000000E+03,  7.97071404E+02,  7.78676532E+02
startup,  2.94000000E+03,  7.97071404E+02,  7.78676538E+02
startup,  2.95000000E+03,  7.97071404E+02,  7.78676544E+02
startup,  2.96000000E+03,  7.97071404E+02,  7.78676550E+02
startup,  2.97000000E+03,  7.97071404E+02,  7.78676555E+02
startup,  2.98000000E+03,  7.97071404E+02,  7.78676560E+02
startup,  2.99000000E+03,  7.97071404E+02,  7.78676565E+02
startup,  3.00000000E+03,  7.97071404E+02,  7.78676569E+02
startup,  3.01000000E+03,  7.97071404E+02,  7.78676574E+02
startup,  3.02000000E+03,  7.97071404E+02,  7.78676578E+02
startup,  3.03000000E+03,  7.97071404E+02,  7.78676582E+02
startup,  3.04000000E+03,  7.97071404E+02,  7.78676585E+02
startup,  3.05000000E+03,  7.97071404E+02,  7.78676589E+02
startup,  3.06000000E+03,  7.97071404E+02,  7.78676592E+02
startup,  3.07000000E+03,  7.97071404E+02,  7.78676595E+02
startup,  3.08000000E+03,  7.97071404E+02,  7.78676598E+02
startup,  3.09000000E+03,  7.97071404E+02,  7.78676601E+02
startup,  3.10000000E+03,  7.97071404E+02,  7.78676604E+02
startup,  3.11000000E+03,  7.97071404E+02,  7.78676606E+02
startup,  3.12000000E+03,  7.97071404E+02,  7.78676609E+02
startup,  3.13000000E+03,  7.97071404E+02,  7.78676611E+02
startup,  3.14000000E+03,  7.97071404E+02,  7.78676613E+02
startup,  3.15000000E+03,  7.97071404E+02,  7.78676615E+02
startup,  3.16000000E+03,  7.97071404E+02,  7.78676617E+02
startup,  3.17000000E+03,  7.97071404E+02,  7.78676619E+02
startup,  3.18000000E+03,  7.97071404E+02,  7.78676621E+02
startup,  3.19000000E+03,  7.97071404E+02,  7.78676623E+02
startup,  3.20000000E+03,  7.97071404E+02,  7.78676624E+02
startup,  3.21000000E+03,  7.97071404E+02,  7.78676626E+02
startup,  3.22000000E+03,  7.97071404E+02,  7.78676627E+02
startup,  3.23000000E+03,  7.97071404E+02,  7.78676629E+02
startup,  3.24000000E+03,  7.97071404E+02,  7.78676630E+02
startup,  3.25000000E+03,  7.97071404E+02,  7.78676631E+02
startup,  3.26000000E+03,  7.97071404E+02,  7.78676633E+02
startup,  3.27000000E+03,  7.97071404E+02,  7.78676634E+02
startup,  3.28000000E+03,  7.97071404E+02,  7.78676635E+02
startup,  3.29000000E+03,  7.97071404E+02,  7.78676636E+02
startup,  3.30000000E+03,  7.97071404E+02,  7.78676637E+02
startup,  3.31000000E+03,  7.97071404E+02,  7.78676638E+02
startup,  3.32000000E+03,  7.97071404E+02,  7.78676638E+02
startup,  3.33000000E+03,  7.97071404E+02,  7.78676639E+02
startup,  3.34000000E+03,  7.97071404E+02,  7.78676640E+02
startup,  3.35000000E+03,  7.97071404E+02,  7.78676641E+02
startup,  3.36000000E+03,  7.97071404E+02,  7.78676642E+02
startup,  3.37000000E+03,  7.97071404E+02,  7.78676642E+02
startup,  3.38000000E+03,  7.97071404E+02,  7.78676643E+02
startup,  3.39000000E+03,  7.97071404E+02,  7.78676643E+02
startup,  3.40000000E+03,  7.97071404E+02,  7.78676644E+02
startup,  3.41000000E+03,  7.97071404E+02,  7.78676645E+02
startup,  3.42000000E+03,  7.97071404E+02,  7.78676645E+02
startup,  3.43000000E+03,  7.97071404E+02,  7.78676646E+02
startup,  3.44000000E+03,  7.97071404E+02,  7.78676646E+02
startup,  3.45000000E+03,  7.97071404E+02,  7.78676646E+02
startup,  3.46000000E+03,  7.97071404E+02,  7.78676647E+02
startup,  3.47000000E+03,  7.97071404E+02,  7.78676647E+02
startup,  3.48000000E+03,  7.97071404E+02,  7.78676648E+02
startup,  3.49000000E+03,  7.97071404E+02,  7.78676648E+02
startup,  3.50000000E+03,  7.97071404E+02,  7.78676648E+02
startup,  3.51000000E+03,  7.97071404E+02,  7.78676649E+02
startup,  3.52000000E+03,  7.97071404E+02,  7.78676649E+02
startup,  3.53000000E+03,  7.97071404E+02,  7.78676649E+02
startup,  3.54000000E+03,  7.97071404E+02,  7.78676650E+02
startup,  3.55000000E+03,  7.97071404E+02,  7.78676650E+02
startup,  3.56000000E+03,  7.97071404E+02,  7.78676650E+02
startup,  3.57000000E+03,  7.97071404E+02,  7.78676650E+02
startup,  3.58000000E+03,  7.97071404E+02,  7.78676651E+02
startup,  3.59000000E+03,  7.97071404E+02,  7.78676651E+02
startup,  3.60000000E+03,  7.97071404E+02,  7.78676651E+02
load_ramp,  0.00000000E+00,  2.88150000E+02,  2.88150000E+02
load_ramp,  1.00000000E+01,  2.92391012E+02,  2.88253322E+02
load_ramp,  2.00000000E+01,  2.96632023E+02,  2.88558066E+02
load_ramp,  3.00000000E+01,  3.00873035E+02,  2.89054048E+02
load_ramp,  4.00000000E+01,  3.05114047E+02,  2.89731602E+02
load_ramp,  5.00000000E+01,  3.09355059E+02,  2.90581547E+02
load_ramp,  6.00000000E+01,  3.13596070E+02,  2.91595171E+02
load_ramp,  7.00000000E+01,  3.17837082E+02,  2.92764198E+02
load_ramp,  8.00000000E+01,  3.22078094E+02,  2.94080772E+02
load_ramp,  9.00000000E+01,  3.26319105E+02,  2.95537434E+02
load_ramp,  1.00000000E+02,  3.30560117E+02,  2.97127103E+02
load_ramp,  1.10000000E+02,  3.34801129E+02,  2.98843055E+02
load_ramp,  1.20000000E+02,  3.39042140E+02,  3.00678905E+02
load_ramp,  1.30000000E+02,  3.43283152E+02,  3.02628593E+02
load_ramp,  1.40000000E+02,  3.47524164E+02,  3.04686364E+02
load_ramp,  1.50000000E+02,  3.51765176E+02,  3.06846754E+02
load_ramp,  1.60000000E+02,  3.56006187E+02,  3.09104576E+02
load_ramp,  1.70000000E+02,  3.60247199E+02,  3.11454903E+02
load_ramp,  1.80000000E+02,  3.64488211E+02,  3.13893060E+02
load_ramp,  1.90000000E+02,  3.68729222E+02,  3.16414607E+02
load_ramp,  2.00000000E+02,  3.72970234E+02,  3.19015327E+02
load_ramp,  2.10000000E+02,  3.77211246E+02,  3.21691219E+02
load_ramp,  2.20000000E+02,  3.81452257E+02,  3.24438483E+02
load_ramp,  2.30000000E+02,  3.85693269E+02,  3.27253510E+02
load_ramp,  2.40000000E+02,  3.89934281E+02,  3.30132875E+02
load_ramp,  2.50000000E+02,  3.94175293E+02,  3.33073325E+02
load_ramp,  2.60000000E+02,  3.98416304E+02,  3.36071773E+02
load_ramp,  2.70000000E+02,  4.02657316E+02,  3.39125287E+02
load_ramp,  2.80000000E+02,  4.06898328E+02,  3.42231082E+02
load_ramp,  2.90000000E+02,  4.11139339E+02,  3.45386516E+02
load_ramp,  3.00000000E+02,  4.15380351E+02,  3.48589079E+02
load_ramp,  3.10000000E+02,  4.19621363E+02,  3.51836389E+02
load_ramp,  3.20000000E+02,  4.23862374E+02,  3.55126184E+02
load_ramp,  3.30000000E+02,  4.28103386E+02,  3.58456317E+02
load_ramp,  3.40000000E+02,  4.32344398E+02,  3.61824747E+02
load_ramp,  3.50000000E+02,  4.36585410E+02,  3.65229540E+02
load_ramp,  3.60000000E+02,  4.40826421E+02,  3.68668856E+02
load_ramp,  3.70000000E+02,  4.45067433E+02,  3.72140950E+02
load_ramp,  3.80000000E+02,  4.49308445E+02,  3.75644167E+02
load_ramp,  3.90000000E+02,  4.53549456E+02,  3.79176931E+02
load_ramp,  4.00000000E+02,  4.57790468E+02,  3.82737750E+02
load_ramp,  4.10000000E+02,  4.62031480E+02,  3.86325205E+02
load_ramp,  4.20000000E+02,  4.66272492E+02,  3.89937950E+02
load_ramp,  4.30000000E+02,  4.70513503E+02,  3.93574706E+02
load_ramp,  4.40000000E+02,  4.74754515E+02,  3.97234259E+02
load_ramp,  4.50000000E+02,  4.78995527E+02,  4.00915458E+02
load_ramp,  4.60000000E+02,  4.83236538E+02,  4.04617207E+02
load_ramp,  4.70000000E+02,  4.87477550E+02,  4.08338468E+02
load_ramp,  4.80000000E+02,  4.91718562E+02,  4.12078255E+02
load_ramp,  4.90000000E+02,  4.95959573E+02,  4.15835631E+02
load_ramp,  5.00000000E+02,  5.00200585E+02,  4.19609706E+02
load_ramp,  5.10000000E+02,  5.04441597E+02,  4.23399637E+02
load_ramp,  5.20000000E+02,  5.08682609E+02,  4.27204622E+02
load_ramp,  5.30000000E+02,  5.12923620E+02,  4.31023901E+02
load_ramp,  5.40000000E+02,  5.17164632E+02,  4.34856749E+02
load_ramp,  5.50000000E+02,  5.21405644E+02,  4.38702483E+02
load_ramp,  5.60000000E+02,  5.25646655E+02,  4.42560449E+02
load_ramp,  5.70000000E+02,  5.29887667E+02,  4.46430030E+02
load_ramp,  5.80000000E+02,  5.34128679E+02,  4.50310639E+02
load_ramp,  5.90000000E+02,  5.38369690E+02,  4.54201717E+02
load_ramp,  6.00000000E+02,  5.42610702E+02,  4.58102737E+02
load_ramp,  6.10000000E+02,  5.46851714E+02,  4.62013195E+02
load_ramp,  6.20000000E+02,  5.51092726E+02,  4.65932614E+02
load_ramp,  6.30000000E+02,  5.55333737E+02,  4.69860541E+02
load_ramp,  6.40000000E+02,  5.59574749E+02,  4.73796546E+02
load_ramp,  6.50000000E+02,  5.63815761E+02,  4.77740220E+02
load_ramp,  6.60000000E+02,  5.68056772E+02,  4.81691177E+02
load_ramp,  6.70000000E+02,  5.72297784E+02,  4.85649048E+02
load_ramp,  6.80000000E+02,  5.76538796E+02,  4.89613483E+02
load_ramp,  6.90000000E+02,  5.80779807E+02,  4.93584150E+02
load_ramp,  7.00000000E+02,  5.85020819E+02,  4.97560735E+02
load_ramp,  7.10000000E+02,  5.89261831E+02,  5.01542938E+02
load_ramp,  7.20000000E+02,  5.93502843E+02,  5.05530475E+02
load_ramp,  7.30000000E+02,  5.97743854E+02,  5.09523077E+02
load_ramp,  7.40000000E+02,  6.01984866E+02,  5.13520487E+02
load_ramp,  7.50000000E+02,  6.06225878E+02,  5.17522463E+02
load_ramp,  7.60000000E+02,  6.10466889E+02,  5.21528774E+02
load_ramp,  7.70000000E+02,  6.14707901E+02,  5.25539200E+02
load_ramp,  7.80000000E+02,  6.18948913E+02,  5.29553534E+02
load_ramp,  7.90000000E+02,  6.23189924E+02,  5.33571577E+02
load_ramp,  8.00000000E+02,  6.27430936E+02,  5.37593143E+02
load_ramp,  8.10000000E+02,  6.31671948E+02,  5.41618054E+02
load_ramp,  8.20000000E+02,  6.35912960E+02,  5.45646139E+02
load_ramp,  8.30000000E+02,  6.40153971E+02,  5.49677240E+02
load_ramp,  8.40000000E+02,  6.44394983E+02,  5.53711203E+02
load_ramp,  8.50000000E+02,  6.48635995E+02,  5.57747883E+02
load_ramp,  8.60000000E+02,  6.52877006E+02,  5.61787144E+02
load_ramp,  8.70000000E+02,  6.57118018E+02,  5.65828854E+02
load_ramp,  8.80000000E+02,  6.61359030E+02,  5.69872891E+02
load_ramp,  8.90000000E+02,  6.65600042E+02,  5.73919136E+02
load_ramp,  9.00000000E+02,  6.69841053E+02,  5.77967478E+02
load_ramp,  9.10000000E+02,  6.74082065E+02,  5.82017810E+02
load_ramp,  9.20000000E+02,  6.78323077E+02,  5.86070033E+02
load_ramp,  9.30000000E+02,  6.82564088E+02,  5.90124050E+02
load_ramp,  9.40000000E+02,  6.86805100E+02,  5.94179771E+02
load_ramp,  9.50000000E+02,  6.91046112E+02,  5.98237110E+02
load_ramp,  9.60000000E+02,  6.95287123E+02,  6.02295985E+02
load_ramp,  9.70000000E+02,  6.99528135E+02,  6.06356318E+02
load_ramp,  9.80000000E+02,  7.03769147E+02,  6.10418036E+02
load_ramp,  9.90000000E+02,  7.08010159E+02,  6.14481068E+02
load_ramp,  1.00000000E+03,  7.12251170E+02,  6.18545348E+02
load_ramp,  1.01000000E+03,  7.16492182E+02,  6.22610814E+02
load_ramp,  1.02000000E+03,  7.20733194E+02,  6.26677405E+02
load_ramp,  1.03000000E+03,  7.24974205E+02,  6.30745063E+02
load_ramp,  1.04000000E+03,  7.29215217E+02,  6.34813736E+02
load_ramp,  1.05000000E+03,  7.33456229E+02,  6.38883372E+02
load_ramp,  1.06000000E+03,  7.37697240E+02,  6.42953923E+02
load_ramp,  1.07000000E+03,  7.41938252E+02,  6.47025341E+02
load_ramp,  1.08000000E+03,  7.46179264E+02,  6.51097584E+02
load_ramp,  1.09000000E+03,  7.50420276E+02,  6.55170609E+02
load_ramp,  1.10000000E+03,  7.54661287E+02,  6.59244377E+02
load_ramp,  1.11000000E+03,  7.58902299E+02,  6.63318851E+02
load_ramp,  1.12000000E+03,  7.63143311E+02,  6.67393994E+02
load_ramp,  1.13000000E+03,  7.67384322E+02,  6.71469773E+02
load_ramp,  1.14000000E+03,  7.71625334E+02,  6.75546156E+02
load_ramp,  1.15000000E+03,  7.75866346E+02,  6.79623112E+02
load_ramp,  1.16000000E+03,  7.80107357E+02,  6.83700612E+02
load_ramp,  1.17000000E+03,  7.84348369E+02,  6.87778630E+02
load_ramp,  1.18000000E+03,  7.88589381E+02,  6.91857137E+02
load_ramp,  1.19000000E+03,  7.92830393E+02,  6.95936111E+02
load_ramp,  1.20000000E+03,  7.97071404E+02,  7.00015527E+02
load_ramp,  1.21000000E+03,  7.97071404E+02,  7.03992040E+02
load_ramp,  1.22000000E+03,  7.97071404E+02,  7.07767531E+02
load_ramp,  1.23000000E+03,  7.97071404E+02,  7.11352162E+02
load_ramp,  1.24000000E+03,  7.97071404E+02,  7.14755580E+02
load_ramp,  1.25000000E+03,  7.97071404E+02,  7.17986948E+02
load_ramp,  1.26000000E+03,  7.97071404E+02,  7.21054962E+02
load_ramp,  1.27000000E+03,  7.97071404E+02,  7.23967880E+02
load_ramp,  1.28000000E+03,  7.97071404E+02,  7.26733543E+02
load_ramp,  1.29000000E+03,  7.97071404E+02,  7.29359395E+02
load_ramp,  1.30000000E+03,  7.97071404E+02,  7.31852504E+02
load_ramp,  1.31000000E+03,  7.97071404E+02,  7.34219580E+02
load_ramp,  1.32000000E+03,  7.97071404E+02,  7.36466995E+02
load_ramp,  1.33000000E+03,  7.97071404E+02,  7.38600797E+02
load_ramp,  1.34000000E+03,  7.97071404E+02,  7.40626730E+02
load_ramp,  1.35000000E+03,  7.97071404E+02,  7.42550247E+02
load_ramp,  1.36000000E+03,  7.97071404E+02,  7.44376526E+02
load_ramp,  1.37000000E+03,  7.97071404E+02,  7.46110482E+02
load_ramp,  1.38000000E+03,  7.97071404E+02,  7.47756782E+02
load_ramp,  1.39000000E+03,  7.97071404E+02,  7.49319858E+02
load_ramp,  1.40000000E+03,  7.97071404E+02,  7.50803916E+02
load_ramp,  1.41000000E+03,  7.97071404E+02,  7.52212951E+02
load_ramp,  1.42000000E+03,  7.97071404E+02,  7.53550757E+02
load_ramp,  1.43000000E+03,  7.97071404E+02,  7.54820933E+02
load_ramp,  1.44000000E+03,  7.97071404E+02,  7.56026898E+02
load_ramp,  1.45000000E+03,  7.97071404E+02,  7.57171899E+02
load_ramp,  1.46000000E+03,  7.97071404E+02,  7.58259017E+02
load_ramp,  1.47000000E+03,  7.97071404E+02,  7.59291179E+02
load_ramp,  1.48000000E+03,  7.97071404E+02,  7.60271163E+02
load_ramp,  1.49000000E+03,  7.97071404E+02,  7.61201605E+02
load_ramp,  1.50000000E+03,  7.97071404E+02,  7.62085012E+02
load_ramp,  1.51000000E+03,  7.97071404E+02,  7.62923761E+02
load_ramp,  1.52000000E+03,  7.97071404E+02,  7.63720108E+02
load_ramp,  1.53000000E+03,  7.97071404E+02,  7.64476198E+02
load_ramp,  1.54000000E+03,  7.97071404E+02,  7.65194066E+02
load_ramp,  1.55000000E+03,  7.97071404E+02,  7.65875644E+02
load_ramp,  1.56000000E+03,  7.97071404E+02,  7.66522767E+02
load_ramp,  1.57000000E+03,  7.97071404E+02,  7.67137176E+02
load_ramp,  1.58000000E+03,  7.97071404E+02,  7.67720525E+02
load_ramp,  1.59000000E+03,  7.97071404E+02,  7.68274384E+02
load_ramp,  1.60000000E+03,  7.97071404E+02,  7.68800245E+02
load_ramp,  1.61000000E+03,  7.97071404E+02,  7.69299521E+02
load_ramp,  1.62000000E+03,  7.97071404E+02,  7.69773559E+02
load_ramp,  1.63000000E+03,  7.97071404E+02,  7.70223632E+02
load_ramp,  1.64000000E+03,  7.97071404E+02,  7.70650953E+02
load_ramp,  1.65000000E+03,  7.97071404E+02,  7.71056672E+02
load_ramp,  1.66000000E+03,  7.97071404E+02,  7.71441881E+02
load_ramp,  1.67000000E+03,  7.97071404E+02,  7.71807616E+02
load_ramp,  1.68000000E+03,  7.97071404E+02,  7.72154863E+02
load_ramp,  1.69000000E+03,  7.97071404E+02,  7.72484556E+02
load_ramp,  1.70000000E+03,  7.97071404E+02,  7.72797582E+02
load_ramp,  1.71000000E+03,  7.97071404E+02,  7.73094783E+02
load_ramp,  1.72000000E+03,  7.97071404E+02,  7.73376961E+02
load_ramp,  1.73000000E+03,  7.97071404E+02,  7.73644873E+02
load_ramp,  1.74000000E+03,  7.97071404E+02,  7.73899242E+02
load_ramp,  1.75000000E+03,  7.97071404E+02,  7.74140752E+02
load_ramp,  1.76000000E+03,  7.97071404E+02,  7.74370053E+02
load_ramp,  1.77000000E+03,  7.97071404E+02,  7.74587762E+02
load_ramp,  1.78000000E+03,  7.97071404E+02,  7.74794466E+02
load_ramp,  1.79000000E+03,  7.97071404E+02,  7.74990720E+02
load_ramp,  1.80000000E+03,  7.97071404E+02,  7.75177053E+02
load_ramp,  1.81000000E+03,  7.97071404E+02,  7.75353967E+02
load_ramp,  1.82000000E+03,  7.97071404E+02,  7.75521937E+02
load_ramp,  1.83000000E+03,  7.97071404E+02,  7.75681416E+02
load_ramp,  1.84000000E+03,  7.97071404E+02,  7.75832832E+02
load_ramp,  1.85000000E+03,  7.97071404E+02,  7.75976594E+02
load_ramp,  1.86000000E+03,  7.97071404E+02,  7.76113089E+02
load_ramp,  1.87000000E+03,  7.97071404E+02,  7.76242684E+02
load_ramp,  1.88000000E+03,  7.97071404E+02,  7.76365727E+02
load_ramp,  1.89000000E+03,  7.97071404E+02,  7.76482550E+02
load_ramp,  1.90000000E+03,  7.97071404E+02,  7.76593467E+02
load_ramp,  1.91000000E+03,  7.97071404E+02,  7.76698778E+02
load_ramp,  1.92000000E+03,  7.97071404E+02,  7.76798764E+02
load_ramp,  1.93000000E+03,  7.97071404E+02,  7.76893696E+02
load_ramp,  1.94000000E+03,  7.97071404E+02,  7.76983829E+02
load_ramp,  1.95000000E+03,  7.97071404E+02,  7.77069406E+02
load_ramp,  1.96000000E+03,  7.97071404E+02,  7.77150656E+02
load_ramp,  1.97000000E+03,  7.97071404E+02,  7.77227799E+02
load_ramp,  1.98000000E+03,  7.97071404E+02,  7.77301042E+02
load_ramp,  1.99000000E+03,  7.97071404E+02,  7.77370583E+02
load_ramp,  2.00000000E+03,  7.97071404E+02,  7.77436608E+02
load_ramp,  2.01000000E+03,  7.97071404E+02,  7.77499295E+02
load_ramp,  2.02000000E+03,  7.97071404E+02,  7.77558814E+02
load_ramp,  2.03000000E+03,  7.97071404E+02,  7.77615323E+02
load_ramp,  2.04000000E+03,  7.97071404E+02,  7.77668976E+02
load_ramp,  2.05000000E+03,  7.97071404E+02,  7.77719917E+02
load_ramp,  2.06000000E+03,  7.97071404E+02,  7.77768282E+02
load_ramp,  2.07000000E+03,  7.97071404E+02,  7.77814203E+02
load_ramp,  2.08000000E+03,  7.97071404E+02,  7.77857802E+02
load_ramp,  2.09000000E+03,  7.97071404E+02,  7.77899197E+02
load_ramp,  2.10000000E+03,  7.97071404E+02,  7.77938499E+02
load_ramp,  2.11000000E+03,  7.97071404E+02,  7.77975815E+02
load_ramp,  2.12000000E+03,  7.97071404E+02,  7.78011244E+02
load_ramp,  2.13000000E+03,  7.97071404E+02,  7.78044882E+02
load_ramp,  2.14000000E+03,  7.97071404E+02,  7.78076820E+02
load_ramp,  2.15000000E+03,  7.97071404E+02,  7.78107143E+02
load_ramp,  2.16000000E+03,  7.97071404E+02,  7.78135933E+02
load_ramp,  2.17000000E+03,  7.97071404E+02,  7.78163268E+02
load_ramp,  2.18000000E+03,  7.97071404E+02,  7.78189221E+02
load_ramp,  2.19000000E+03,  7.97071404E+02,  7.78213862E+02
load_ramp,  2.20000000E+03,  7.97071404E+02,  7.78237257E+02
load_ramp,  2.21000000E+03,  7.97071404E+02,  7.78259470E+02
load_ramp,  2.22000000E+03,  7.97071404E+02,  7.78280560E+02
load_ramp,  2.23000000E+03,  7.97071404E+02,  7.78300583E+02
load_ramp,  2.24000000E+03,  7.97071404E+02,  7.78319595E+02
load_ramp,  2.25000000E+03,  7.97071404E+02,  7.78337645E+02
load_ramp,  2.26000000E+03,  7.97071404E+02,  7.78354783E+02
load_ramp,  2.27000000E+03,  7.97071404E+02,  7.78371054E+02
load_ramp,  2.28000000E+03,  7.97071404E+02,  7.78386503E+02
load_ramp,  2.29000000E+03,  7.97071404E+02,  7.78401171E+02
load_ramp,  2.30000000E+03,  7.97071404E+02,  7.78415097E+02
load_ramp,  2.31000000E+03,  7.97071404E+02,  7.78428320E+02
load_ramp,  2.32000000E+03,  7.97071404E+02,  7.78440874E+02
load_ramp,  2.33000000E+03,  7.97071404E+02,  7.78452793E+02
load_ramp,  2.34000000E+03,  7.97071404E+02,  7.78464110E+02
load_ramp,  2.35000000E+03,  7.97071404E+02,  7.78474854E+02
load_ramp,  2.36000000E+03,  7.97071404E+02,  7.78485056E+02
load_ramp,  2.37000000E+03,  7.97071404E+02,  7.78494742E+02
load_ramp,  2.38000000E+03,  7.97071404E+02,  7.78503938E+02
load_ramp,  2.39000000E+03,  7.97071404E+02,  7.78512669E+02
load_ramp,  2.40000000E+03,  7.97071404E+02,  7.78520959E+02
load_ramp,  2.41000000E+03,  7.97071404E+02,  7.78528830E+02
load_ramp,  2.42000000E+03,  7.97071404E+02,  7.78536303E+02
load_ramp,  2.43000000E+03,  7.97071404E+02,  7.78543398E+02
load_ramp,  2.44000000E+03,  7.97071404E+02,  7.78550134E+02
load_ramp,  2.45000000E+03,  7.97071404E+02,  7.78556530E+02
load_ramp,  2.46000000E+03,  7.97071404E+02,  7.78562603E+02
load_ramp,  2.47000000E+03,  7.97071404E+02,  7.78568368E+02
load_ramp,  2.48000000E+03,  7.97071404E+02,  7.78573843E+02
load_ramp,  2.49000000E+03,  7.97071404E+02,  7.78579040E+02
load_ramp,  2.50000000E+03,  7.97071404E+02,  7.78583975E+02
load_ramp,  2.51000000E+03,  7.97071404E+02,  7.78588660E+02
load_ramp,  2.52000000E+03,  7.97071404E+02,  7.78593108E+02
load_ramp,  2.53000000E+03,  7.97071404E+02,  7.78597332E+02
load_ramp,  2.54000000E+03,  7.97071404E+02,  7.78601342E+02
load_ramp,  2.55000000E+03,  7.97071404E+02,  7.78605149E+02
load_ramp,  2.56000000E+03,  7.97071404E+02,  7.78608764E+02
load_ramp,  2.57000000E+03,  7.97071404E+02,  7.78612196E+02
load_ramp,  2.58000000E+03,  7.97071404E+02,  7.78615454E+02
load_ramp,  2.59000000E+03,  7.97071404E+02,  7.78618548E+02
load_ramp,  2.60000000E+03,  7.97071404E+02,  7.78621486E+02
load_ramp,  2.61000000E+03,  7.97071404E+02,  7.78624275E+02
load_ramp,  2.62000000E+03,  7.97071404E+02,  7.78626922E+02
load_ramp,  2.63000000E+03,  7.97071404E+02,  7.78629437E+02
load_ramp,  2.64000000E+03,  7.97071404E+02,  7.78631824E+02
load_ramp,  2.65000000E+03,  7.97071404E+02,  7.78634090E+02
load_ramp,  2.66000000E+03,  7.97071404E+02,  7.78636242E+02
load_ramp,  2.67000000E+03,  7.97071404E+02,  7.78638285E+02
load_ramp,  2.68000000E+03,  7.97071404E+02,  7.78640224E+02
load_ramp,  2.69000000E+03,  7.97071404E+02,  7.78642066E+02
load_ramp,  2.70000000E+03,  7.97071404E+02,  7.78643815E+02
load_ramp,  2.71000000E+03,  7.97071404E+02,  7.78645475E+02
load_ramp,  2.72000000E+03,  7.97071404E+02,  7.78647051E+02
load_ramp,  2.73000000E+03,  7.97071404E+02,  7.78648547E+02
load_ramp,  2.74000000E+03,  7.97071404E+02,  7.78649968E+02
load_ramp,  2.75000000E+03,  7.97071404E+02,  7.78651317E+02
load_ramp,  2.76000000E+03,  7.97071404E+02,  7.78652598E+02
load_ramp,  2.77000000E+03,  7.97071404E+02,  7.78653814E+02
load_ramp,  2.78000000E+03,  7.97071404E+02,  7.78654969E+02
load_ramp,  2.79000000E+03,  7.97071404E+02,  7.78656065E+02
load_ramp,  2.80000000E+03,  7.97071404E+02,  7.78657106E+02
load_ramp,  2.81000000E+03,  7.97071404E+02,  7.78658094E+02
load_ramp,  2.82000000E+03,  7.97071404E+02,  7.78659033E+02
load_ramp,  2.83000000E+03,  7.97071404E+02,  7.78659923E+02
load_ramp,  2.84000000E+03,  7.97071404E+02,  7.78660769E+02
load_ramp,  2.85000000E+03,  7.97071404E+02,  7.78661572E+02
load_ramp,  2.86000000E+03,  7.97071404E+02,  7.78662335E+02
load_ramp,  2.87000000E+03,  7.97071404E+02,  7.78663059E+02
load_ramp,  2.88000000E+03,  7.97071404E+02,  7.78663746E+02
load_ramp,  2.89000000E+03,  7.97071404E+02,  7.78664399E+02
load_ramp,  2.90000000E+03,  7.97071404E+02,  7.78665018E+02
load_ramp,  2.91000000E+03,  7.97071404E+02,  7.78665606E+02
load_ramp,  2.92000000E+03,  7.97071404E+02,  7.78666165E+02
load_ramp,  2.93000000E+03,  7.97071404E+02,  7.78666695E+02
load_ramp,  2.94000000E+03,  7.97071404E+02,  7.78667199E+02
load_ramp,  2.95000000E+03,  7.97071404E+02,  7.78667677E+02
load_ramp,  2.96000000E+03,  7.97071404E+02,  7.78668131E+02
load_ramp,  2.97000000E+03,  7.97071404E+02,  7.78668562E+02
load_ramp,  2.98000000E+03,  7.97071404E+02,  7.78668971E+02
load_ramp,  2.99000000E+03,  7.97071404E+02,  7.78669359E+02
load_ramp,  3.00000000E+03,  7.97071404E+02,  7.78669728E+02
load_ramp,  3.01000000E+03,  7.97071404E+02,  7.78670078E+02
load_ramp,  3.02000000E+03,  7.97071404E+02,  7.78670411E+02
load_ramp,  3.03000000E+03,  7.97071404E+02,  7.78670726E+02
load_ramp,  3.04000000E+03,  7.97071404E+02,  7.78671026E+02
load_ramp,  3.05000000E+03,  7.97071404E+02,  7.78671310E+02
load_ramp,  3.06000000E+03,  7.97071404E+02,  7.78671581E+02
load_ramp,  3.07000000E+03,  7.97071404E+02,  7.78671837E+02
load_ramp,  3.08000000E+03,  7.97071404E+02,  7.78672081E+02
load_ramp,  3.09000000E+03,  7.97071404E+02,  7.78672312E+02
load_ramp,  3.10000000E+03,  7.97071404E+02,  7.78672531E+02
load_ramp,  3.11000000E+03,  7.97071404E+02,  7.78672740E+02
load_ramp,  3.12000000E+03,  7.97071404E+02,  7.78672938E+02
load_ramp,  3.13000000E+03,  7.97071404E+02,  7.78673126E+02
load_ramp,  3.14000000E+03,  7.97071404E+02,  7.78673304E+02
load_ramp,  3.15000000E+03,  7.97071404E+02,  7.78673473E+02
load_ramp,  3.16000000E+03,  7.97071404E+02,  7.78673634E+02
load_ramp,  3.17000000E+03,  7.97071404E+02,  7.78673787E+02
load_ramp,  3.18000000E+03,  7.97071404E+02,  7.78673932E+02
load_ramp,  3.19000000E+03,  7.97071404E+02,  7.78674070E+02
load_ramp,  3.20000000E+03,  7.97071404E+02,  7.78674200E+02
load_ramp,  3.21000000E+03,  7.97071404E+02,  7.78674324E+02
load_ramp,  3.22000000E+03,  7.97071404E+02,  7.78674442E+02
load_ramp,  3.23000000E+03,  7.97071404E+02,  7.78674554E+02
load_ramp,  3.24000000E+03,  7.97071404E+02,  7.78674660E+02
load_ramp,  3.25000000E+03,  7.97071404E+02,  7.78674761E+02
load_ramp,  3.26000000E+03,  7.97071404E+02,  7.78674857E+02
load_ramp,  3.27000000E+03,  7.97071404E+02,  7.78674948E+02
load_ramp,  3.28000000E+03,  7.97071404E+02,  7.78675034E+02
load_ramp,  3.29000000E+03,  7.97071404E+02,  7.78675116E+02
load_ramp,  3.30000000E+03,  7.97071404E+02,  7.78675194E+02
load_ramp,  3.31000000E+03,  7.97071404E+02,  7.78675268E+02
load_ramp,  3.32000000E+03,  7.97071404E+02,  7.78675338E+02
load_ramp,  3.33000000E+03,  7.97071404E+02,  7.78675404E+02
load_ramp,  3.34000000E+03,  7.97071404E+02,  7.78675467E+02
load_ramp,  3.35000000E+03,  7.97071404E+02,  7.78675528E+02
load_ramp,  3.36000000E+03,  7.97071404E+02,  7.78675584E+02
load_ramp,  3.37000000E+03,  7.97071404E+02,  7.78675639E+02
load_ramp,  3.38000000E+03,  7.97071404E+02,  7.78675690E+02
load_ramp,  3.39000000E+03,  7.97071404E+02,  7.78675739E+02
load_ramp,  3.40000000E+03,  7.97071404E+02,  7.78675785E+02
load_ramp,  3.41000000E+03,  7.97071404E+02,  7.78675829E+02
load_ramp,  3.42000000E+03,  7.97071404E+02,  7.78675871E+02
load_ramp,  3.43000000E+03,  7.97071404E+02,  7.78675910E+02
load_ramp,  3.44000000E+03,  7.97071404E+02,  7.78675948E+02
load_ramp,  3.45000000E+03,  7.97071404E+02,  7.78675984E+02
load_ramp,  3.46000000E+03,  7.97071404E+02,  7.78676018E+02
load_ramp,  3.47000000E+03,  7.97071404E+02,  7.78676050E+02
load_ramp,  3.48000000E+03,  7.97071404E+02,  7.78676080E+02
load_ramp,  3.49000000E+03,  7.97071404E+02,  7.78676109E+02
load_ramp,  3.50000000E+03,  7.97071404E+02,  7.78676137E+02
load_ramp,  3.51000000E+03,  7.97071404E+02,  7.78676163E+02
load_ramp,  3.52000000E+03,  7.97071404E+02,  7.78676188E+02
load_ramp,  3.53000000E+03,  7.97071404E+02,  7.78676212E+02
load_ramp,  3.54000000E+03,  7.97071404E+02,  7.78676234E+02
load_ramp,  3.55000000E+03,  7.97071404E+02,  7.78676255E+02
load_ramp,  3.56000000E+03,  7.97071404E+02,  7.78676276E+02
load_ramp,  3.57000000E+03,  7.97071404E+02,  7.78676295E+02
load_ramp,  3.58000000E+03,  7.97071404E+02,  7.78676313E+02
load_ramp,  3.59000000E+03,  7.97071404E+02,  7.78676330E+02
load_ramp,  3.60000000E+03,  7.97071404E+02,  7.78676347E+02
shutdown,  0.00000000E+00,  7.97071404E+02,  7.57217834E+02
shutdown,  1.00000000E+01,  7.88589381E+02,  7.58095986E+02
shutdown,  2.00000000E+01,  7.80107357E+02,  7.58516456E+02
shutdown,  3.00000000E+01,  7.71625334E+02,  7.58502382E+02
shutdown,  4.00000000E+01,  7.63143311E+02,  7.58075730E+02
shutdown,  5.00000000E+01,  7.54661287E+02,  7.57257358E+02
shutdown,  6.00000000E+01,  7.46179264E+02,  7.56067067E+02
shutdown,  7.00000000E+01,  7.37697240E+02,  7.54523660E+02
shutdown,  8.00000000E+01,  7.29215217E+02,  7.52644987E+02
shutdown,  9.00000000E+01,  7.20733194E+02,  7.50447997E+02
shutdown,  1.00000000E+02,  7.12251170E+02,  7.47948782E+02
shutdown,  1.10000000E+02,  7.03769147E+02,  7.45162619E+02
shutdown,  1.20000000E+02,  6.95287123E+02,  7.42104014E+02
shutdown,  1.30000000E+02,  6.86805100E+02,  7.38786741E+02
shutdown,  1.40000000E+02,  6.78323077E+02,  7.35223875E+02
shutdown,  1.50000000E+02,  6.69841053E+02,  7.31427832E+02
shutdown,  1.60000000E+02,  6.61359030E+02,  7.27410400E+02
shutdown,  1.70000000E+02,  6.52877006E+02,  7.23182770E+02
shutdown,  1.80000000E+02,  6.44394983E+02,  7.18755568E+02
shutdown,  1.90000000E+02,  6.35912960E+02,  7.14138883E+02
shutdown,  2.00000000E+02,  6.27430936E+02,  7.09342294E+02
shutdown,  2.10000000E+02,  6.18948913E+02,  7.04374896E+02
shutdown,  2.20000000E+02,  6.10466889E+02,  6.99245323E+02
shutdown,  2.30000000E+02,  6.01984866E+02,  6.93961774E+02
shutdown,  2.40000000E+02,  5.93502843E+02,  6.88532032E+02
shutdown,  2.50000000E+02,  5.85020819E+02,  6.82963489E+02
shutdown,  2.60000000E+02,  5.76538796E+02,  6.77263160E+02
shutdown,  2.70000000E+02,  5.68056772E+02,  6.71437708E+02
shutdown,  2.80000000E+02,  5.59574749E+02,  6.65493458E+02
shutdown,  2.90000000E+02,  5.51092726E+02,  6.59436416E+02
shutdown,  3.00000000E+02,  5.42610702E+02,  6.53272283E+02
shutdown,  3.10000000E+02,  5.34128679E+02,  6.47006474E+02
shutdown,  3.20000000E+02,  5.25646655E+02,  6.40644128E+02
shutdown,  3.30000000E+02,  5.17164632E+02,  6.34190125E+02
shutdown,  3.40000000E+02,  5.08682609E+02,  6.27649099E+02
shutdown,  3.50000000E+02,  5.00200585E+02,  6.21025449E+02
shutdown,  3.60000000E+02,  4.91718562E+02,  6.14323353E+02
shutdown,  3.70000000E+02,  4.83236538E+02,  6.07546774E+02
shutdown,  3.80000000E+02,  4.74754515E+02,  6.00699480E+02
shutdown,  3.90000000E+02,  4.66272492E+02,  5.93785045E+02
shutdown,  4.00000000E+02,  4.57790468E+02,  5.86806862E+02
shutdown,  4.10000000E+02,  4.49308445E+02,  5.79768155E+02
shutdown,  4.20000000E+02,  4.40826421E+02,  5.72671983E+02
shutdown,  4.30000000E+02,  4.32344398E+02,  5.65521251E+02
shutdown,  4.40000000E+02,  4.23862374E+02,  5.58318718E+02
shutdown,  4.50000000E+02,  4.15380351E+02,  5.51067001E+02
shutdown,  4.60000000E+02,  4.06898328E+02,  5.43768588E+02
shutdown,  4.70000000E+02,  3.98416304E+02,  5.36425839E+02
shutdown,  4.80000000E+02,  3.89934281E+02,  5.29040995E+02
shutdown,  4.90000000E+02,  3.81452257E+02,  5.21616184E+02
shutdown,  5.00000000E+02,  3.72970234E+02,  5.14153426E+02
shutdown,  5.10000000E+02,  3.64488211E+02,  5.06654641E+02
shutdown,  5.20000000E+02,  3.56006187E+02,  4.99121649E+02
shutdown,  5.30000000E+02,  3.47524164E+02,  4.91556179E+02
shutdown,  5.40000000E+02,  3.39042140E+02,  4.83959874E+02
shutdown,  5.50000000E+02,  3.30560117E+02,  4.76334292E+02
shutdown,  5.60000000E+02,  3.22078094E+02,  4.68680913E+02
shutdown,  5.70000000E+02,  3.13596070E+02,  4.61001142E+02
shutdown,  5.80000000E+02,  3.05114047E+02,  4.53296313E+02
shutdown,  5.90000000E+02,  2.96632023E+02,  4.45567694E+02
shutdown,  6.00000000E+02,  2.88150000E+02,  4.37816487E+02
shutdown,  6.10000000E+02,  2.88150000E+02,  4.30250478E+02
shutdown,  6.20000000E+02,  2.88150000E+02,  4.23066949E+02
shutdown,  6.30000000E+02,  2.88150000E+02,  4.16246566E+02
shutdown,  6.40000000E+02,  2.88150000E+02,  4.09770969E+02
shutdown,  6.50000000E+02,  2.88150000E+02,  4.03622730E+02
shutdown,  6.60000000E+02,  2.88150000E+02,  3.97785300E+02
shutdown,  6.70000000E+02,  2.88150000E+02,  3.92242965E+02
shutdown,  6.80000000E+02,  2.88150000E+02,  3.86980810E+02
shutdown,  6.90000000E+02,  2.88150000E+02,  3.81984670E+02
shutdown,  7.00000000E+02,  2.88150000E+02,  3.77241096E+02
shutdown,  7.10000000E+02,  2.88150000E+02,  3.72737322E+02
shutdown,  7.20000000E+02,  2.88150000E+02,  3.68461225E+02
shutdown,  7.30000000E+02,  2.88150000E+02,  3.64401295E+02
shutdown,  7.40000000E+02,  2.88150000E+02,  3.60546604E+02
shutdown,  7.50000000E+02,  2.88150000E+02,  3.56886778E+02
shutdown,  7.60000000E+02,  2.88150000E+02,  3.53411965E+02
shutdown,  7.70000000E+02,  2.88150000E+02,  3.50112812E+02
shutdown,  7.80000000E+02,  2.88150000E+02,  3.46980439E+02
shutdown,  7.90000000E+02,  2.88150000E+02,  3.44006416E+02
shutdown,  8.00000000E+02,  2.88150000E+02,  3.41182737E+02
shutdown,  8.10000000E+02,  2.88150000E+02,  3.38501802E+02
shutdown,  8.20000000E+02,  2.88150000E+02,  3.35956394E+02
shutdown,  8.30000000E+02,  2.88150000E+02,  3.33539663E+02
shutdown,  8.40000000E+02,  2.88150000E+02,  3.31245104E+02
shutdown,  8.50000000E+02,  2.88150000E+02,  3.29066541E+02
shutdown,  8.60000000E+02,  2.88150000E+02,  3.26998109E+02
shutdown,  8.70000000E+02,  2.88150000E+02,  3.25034241E+02
shutdown,  8.80000000E+02,  2.88150000E+02,  3.23169652E+02
shutdown,  8.90000000E+02,  2.88150000E+02,  3.21399323E+02
shutdown,  9.00000000E+02,  2.88150000E+02,  3.19718488E+02
shutdown,  9.10000000E+02,  2.88150000E+02,  3.18122623E+02
shutdown,  9.20000000E+02,  2.88150000E+02,  3.16607433E+02
shutdown,  9.30000000E+02,  2.88150000E+02,  3.15168840E+02
shutdown,  9.40000000E+02,  2.88150000E+02,  3.13802971E+02
shutdown,  9.50000000E+02,  2.88150000E+02,  3.12506150E+02
shutdown,  9.60000000E+02,  2.88150000E+02,  3.11274887E+02
shutdown,  9.70000000E+02,  2.88150000E+02,  3.10105867E+02
shutdown,  9.80000000E+02,  2.88150000E+02,  3.08995944E+02
shutdown,  9.90000000E+02,  2.88150000E+02,  3.07942130E+02
shutdown,  1.00000000E+03,  2.88150000E+02,  3.06941589E+02
shutdown,  1.01000000E+03,  2.88150000E+02,  3.05991628E+02
shutdown,  1.02000000E+03,  2.88150000E+02,  3.05089690E+02
shutdown,  1.03000000E+03,  2.88150000E+02,  3.04233347E+02
shutdown,  1.04000000E+03,  2.88150000E+02,  3.03420294E+02
shutdown,  1.05000000E+03,  2.88150000E+02,  3.02648343E+02
shutdown,  1.06000000E+03,  2.88150000E+02,  3.01915417E+02
shutdown,  1.07000000E+03,  2.88150000E+02,  3.01219541E+02
shutdown,  1.08000000E+03,  2.88150000E+02,  3.00558843E+02
shutdown,  1.09000000E+03,  2.88150000E+02,  2.99931546E+02
shutdown,  1.10000000E+03,  2.88150000E+02,  2.99335960E+02
shutdown,  1.11000000E+03,  2.88150000E+02,  2.98770482E+02
shutdown,  1.12000000E+03,  2.88150000E+02,  2.98233590E+02
shutdown,  1.13000000E+03,  2.88150000E+02,  2.97723840E+02
shutdown,  1.14000000E+03,  2.88150000E+02,  2.97239859E+02
shutdown,  1.15000000E+03,  2.88150000E+02,  2.96780344E+02
shutdown,  1.16000000E+03,  2.88150000E+02,  2.96344059E+02
shutdown,  1.17000000E+03,  2.88150000E+02,  2.95929829E+02
shutdown,  1.18000000E+03,  2.88150000E+02,  2.95536540E+02
shutdown,  1.19000000E+03,  2.88150000E+02,  2.95163132E+02
shutdown,  1.20000000E+03,  2.88150000E+02,  2.94808601E+02
shutdown,  1.21000000E+03,  2.88150000E+02,  2.94471992E+02
shutdown,  1.22000000E+03,  2.88150000E+02,  2.94152400E+02
shutdown,  1.23000000E+03,  2.88150000E+02,  2.93848964E+02
shutdown,  1.24000000E+03,  2.88150000E+02,  2.93560867E+02
shutdown,  1.25000000E+03,  2.88150000E+02,  2.93287335E+02
shutdown,  1.26000000E+03,  2.88150000E+02,  2.93027630E+02
shutdown,  1.27000000E+03,  2.88150000E+02,  2.92781054E+02
shutdown,  1.28000000E+03,  2.88150000E+02,  2.92546942E+02
shutdown,  1.29000000E+03,  2.88150000E+02,  2.92324666E+02
shutdown,  1.30000000E+03,  2.88150000E+02,  2.92113627E+02
shutdown,  1.31000000E+03,  2.88150000E+02,  2.91913255E+02
shutdown,  1.32000000E+03,  2.88150000E+02,  2.91723014E+02
shutdown,  1.33000000E+03,  2.88150000E+02,  2.91542389E+02
shutdown,  1.34000000E+03,  2.88150000E+02,  2.91370895E+02
shutdown,  1.35000000E+03,  2.88150000E+02,  2.91208071E+02
shutdown,  1.36000000E+03,  2.88150000E+02,  2.91053478E+02
shutdown,  1.37000000E+03,  2.88150000E+02,  2.90906700E+02
shutdown,  1.38000000E+03,  2.88150000E+02,  2.90767342E+02
shutdown,  1.39000000E+03,  2.88150000E+02,  2.90635029E+02
shutdown,  1.40000000E+03,  2.88150000E+02,  2.90509405E+02
shutdown,  1.41000000E+03,  2.88150000E+02,  2.90390131E+02
shutdown,  1.42000000E+03,  2.88150000E+02,  2.90276887E+02
shutdown,  1.43000000E+03,  2.88150000E+02,  2.90169368E+02
shutdown,  1.44000000E+03,  2.88150000E+02,  2.90067284E+02
shutdown,  1.45000000E+03,  2.88150000E+02,  2.89970360E+02
shutdown,  1.46000000E+03,  2.88150000E+02,  2.89878337E+02
shutdown,  1.47000000E+03,  2.88150000E+02,  2.89790965E+02
shutdown,  1.48000000E+03,  2.88150000E+02,  2.89708010E+02
shutdown,  1.49000000E+03,  2.88150000E+02,  2.89629249E+02
shutdown,  1.50000000E+03,  2.88150000E+02,  2.89554469E+02
shutdown,  1.51000000E+03,  2.88150000E+02,  2.89483470E+02
shutdown,  1.52000000E+03,  2.88150000E+02,  2.89416060E+02
shutdown,  1.53000000E+03,  2.88150000E+02,  2.89352057E+02
shutdown,  1.54000000E+03,  2.88150000E+02,  2.89291290E+02
shutdown,  1.55000000E+03,  2.88150000E+02,  2.89233595E+02
shutdown,  1.56000000E+03,  2.88150000E+02,  2.89178817E+02
shutdown,  1.57000000E+03,  2.88150000E+02,  2.89126808E+02
shutdown,  1.58000000E+03,  2.88150000E+02,  2.89077428E+02
shutdown,  1.59000000E+03,  2.88150000E+02,  2.89030544E+02
shutdown,  1.60000000E+03,  2.88150000E+02,  2.88986030E+02
shutdown,  1.61000000E+03,  2.88150000E+02,  2.88943767E+02
shutdown,  1.62000000E+03,  2.88150000E+02,  2.88903640E+02
shutdown,  1.63000000E+03,  2.88150000E+02,  2.88865542E+02
shutdown,  1.64000000E+03,  2.88150000E+02,  2.88829369E+02
shutdown,  1.65000000E+03,  2.88150000E+02,  2.88795025E+02
shutdown,  1.66000000E+03,  2.88150000E+02,  2.88762418E+02
shutdown,  1.67000000E+03,  2.88150000E+02,  2.88731459E+02
shutdown,  1.68000000E+03,  2.88150000E+02,  2.88702064E+02
shutdown,  1.69000000E+03,  2.88150000E+02,  2.88674156E+02
shutdown,  1.70000000E+03,  2.88150000E+02,  2.88647659E+02
shutdown,  1.71000000E+03,  2.88150000E+02,  2.88622501E+02
shutdown,  1.72000000E+03,  2.88150000E+02,  2.88598615E+02
shutdown,  1.73000000E+03,  2.88150000E+02,  2.88575936E+02
shutdown,  1.74000000E+03,  2.88150000E+02,  2.88554404E+02
shutdown,  1.75000000E+03,  2.88150000E+02,  2.88533960E+02
shutdown,  1.76000000E+03,  2.88150000E+02,  2.88514550E+02
shutdown,  1.77000000E+03,  2.88150000E+02,  2.88496121E+02
shutdown,  1.78000000E+03,  2.88150000E+02,  2.88478624E+02
shutdown,  1.79000000E+03,  2.88150000E+02,  2.88462011E+02
shutdown,  1.80000000E+03,  2.88150000E+02,  2.88446238E+02
shutdown,  1.81000000E+03,  2.88150000E+02,  2.88431263E+02
shutdown,  1.82000000E+03,  2.88150000E+02,  2.88417044E+02
shutdown,  1.83000000E+03,  2.88150000E+02,  2.88403545E+02
shutdown,  1.84000000E+03,  2.88150000E+02,  2.88390727E+02
shutdown,  1.85000000E+03,  2.88150000E+02,  2.88378558E+02
shutdown,  1.86000000E+03,  2.88150000E+02,  2.88367004E+02
shutdown,  1.87000000E+03,  2.88150000E+02,  2.88356034E+02
shutdown,  1.88000000E+03,  2.88150000E+02,  2.88345618E+02
shutdown,  1.89000000E+03,  2.88150000E+02,  2.88335729E+02
shutdown,  1.90000000E+03,  2.88150000E+02,  2.88326340E+02
shutdown,  1.91000000E+03,  2.88150000E+02,  2.88317426E+02
shutdown,  1.92000000E+03,  2.88150000E+02,  2.88308962E+02
shutdown,  1.93000000E+03,  2.88150000E+02,  2.88300926E+02
shutdown,  1.94000000E+03,  2.88150000E+02,  2.88293296E+02
shutdown,  1.95000000E+03,  2.88150000E+02,  2.88286052E+02
shutdown,  1.96000000E+03,  2.88150000E+02,  2.88279175E+02
shutdown,  1.97000000E+03,  2.88150000E+02,  2.88272644E+02
shutdown,  1.98000000E+03,  2.88150000E+02,  2.88266444E+02
shutdown,  1.99000000E+03,  2.88150000E+02,  2.88260558E+02
shutdown,  2.00000000E+03,  2.88150000E+02,  2.88254969E+02
shutdown,  2.01000000E+03,  2.88150000E+02,  2.88249663E+02
shutdown,  2.02000000E+03,  2.88150000E+02,  2.88244624E+02
shutdown,  2.03000000E+03,  2.88150000E+02,  2.88239841E+02
shutdown,  2.04000000E+03,  2.88150000E+02,  2.88235299E+02
shutdown,  2.05000000E+03,  2.88150000E+02,  2.88230987E+02
shutdown,  2.06000000E+03,  2.88150000E+02,  2.88226893E+02
shutdown,  2.07000000E+03,  2.88150000E+02,  2.88223006E+02
shutdown,  2.08000000E+03,  2.88150000E+02,  2.88219315E+02
shutdown,  2.09000000E+03,  2.88150000E+02,  2.88215811E+02
shutdown,  2.10000000E+03,  2.88150000E+02,  2.88212484E+02
shutdown,  2.11000000E+03,  2.88150000E+02,  2.88209326E+02
shutdown,  2.12000000E+03,  2.88150000E+02,  2.88206326E+02
shutdown,  2.13000000E+03,  2.88150000E+02,  2.88203479E+02
shutdown,  2.14000000E+03,  2.88150000E+02,  2.88200776E+02
shutdown,  2.15000000E+03,  2.88150000E+02,  2.88198209E+02
shutdown,  2.16000000E+03,  2.88150000E+02,  2.88195772E+02
shutdown,  2.17000000E+03,  2.88150000E+02,  2.88193458E+02
shutdown,  2.18000000E+03,  2.88150000E+02,  2.88191261E+02
shutdown,  2.19000000E+03,  2.88150000E+02,  2.88189175E+02
shutdown,  2.20000000E+03,  2.88150000E+02,  2.88187195E+02
shutdown,  2.21000000E+03,  2.88150000E+02,  2.88185314E+02
shutdown,  2.22000000E+03,  2.88150000E+02,  2.88183529E+02
shutdown,  2.23000000E+03,  2.88150000E+02,  2.88181834E+02
shutdown,  2.24000000E+03,  2.88150000E+02,  2.88180225E+02
shutdown,  2.25000000E+03,  2.88150000E+02,  2.88178697E+02
shutdown,  2.26000000E+03,  2.88150000E+02,  2.88177246E+02
shutdown,  2.27000000E+03,  2.88150000E+02,  2.88175869E+02
shutdown,  2.28000000E+03,  2.88150000E+02,  2.88174561E+02
shutdown,  2.29000000E+03,  2.88150000E+02,  2.88173319E+02
shutdown,  2.30000000E+03,  2.88150000E+02,  2.88172141E+02
shutdown,  2.31000000E+03,  2.88150000E+02,  2.88171021E+02
shutdown,  2.32000000E+03,  2.88150000E+02,  2.88169959E+02
shutdown,  2.33000000E+03,  2.88150000E+02,  2.88168950E+02
shutdown,  2.34000000E+03,  2.88150000E+02,  2.88167992E+02
shutdown,  2.35000000E+03,  2.88150000E+02,  2.88167082E+02
shutdown,  2.36000000E+03,  2.88150000E+02,  2.88166219E+02
shutdown,  2.37000000E+03,  2.88150000E+02,  2.88165399E+02
shutdown,  2.38000000E+03,  2.88150000E+02,  2.88164620E+02
shutdown,  2.39000000E+03,  2.88150000E+02,  2.88163881E+02
shutdown,  2.40000000E+03,  2.88150000E+02,  2.88163180E+02
shutdown,  2.41000000E+03,  2.88150000E+02,  2.88162513E+02
shutdown,  2.42000000E+03,  2.88150000E+02,  2.88161881E+02
shutdown,  2.43000000E+03,  2.88150000E+02,  2.88161280E+02
shutdown,  2.44000000E+03,  2.88150000E+02,  2.88160710E+02
shutdown,  2.45000000E+03,  2.88150000E+02,  2.88160168E+02
shutdown,  2.46000000E+03,  2.88150000E+02,  2.88159654E+02
shutdown,  2.47000000E+03,  2.88150000E+02,  2.88159166E+02
shutdown,  2.48000000E+03,  2.88150000E+02,  2.88158703E+02
shutdown,  2.49000000E+03,  2.88150000E+02,  2.88158263E+02
shutdown,  2.50000000E+03,  2.88150000E+02,  2.88157845E+02
shutdown,  2.51000000E+03,  2.88150000E+02,  2.88157449E+02
shutdown,  2.52000000E+03,  2.88150000E+02,  2.88157072E+02
shutdown,  2.53000000E+03,  2.88150000E+02,  2.88156715E+02
shutdown,  2.54000000E+03,  2.88150000E+02,  2.88156375E+02
shutdown,  2.55000000E+03,  2.88150000E+02,  2.88156053E+02
shutdown,  2.56000000E+03,  2.88150000E+02,  2.88155747E+02
shutdown,  2.57000000E+03,  2.88150000E+02,  2.88155456E+02
shutdown,  2.58000000E+03,  2.88150000E+02,  2.88155181E+02
shutdown,  2.59000000E+03,  2.88150000E+02,  2.88154919E+02
shutdown,  2.60000000E+03,  2.88150000E+02,  2.88154670E+02
shutdown,  2.61000000E+03,  2.88150000E+02,  2.88154434E+02
shutdown,  2.62000000E+03,  2.88150000E+02,  2.88154210E+02
shutdown,  2.63000000E+03,  2.88150000E+02,  2.88153997E+02
shutdown,  2.64000000E+03,  2.88150000E+02,  2.88153795E+02
shutdown,  2.65000000E+03,  2.88150000E+02,  2.88153603E+02
shutdown,  2.66000000E+03,  2.88150000E+02,  2.88153421E+02
shutdown,  2.67000000E+03,  2.88150000E+02,  2.88153248E+02
shutdown,  2.68000000E+03,  2.88150000E+02,  2.88153084E+02
shutdown,  2.69000000E+03,  2.88150000E+02,  2.88152928E+02
shutdown,  2.70000000E+03,  2.88150000E+02,  2.88152780E+02
shutdown,  2.71000000E+03,  2.88150000E+02,  2.88152639E+02
shutdown,  2.72000000E+03,  2.88150000E+02,  2.88152506E+02
shutdown,  2.73000000E+03,  2.88150000E+02,  2.88152379E+02
shutdown,  2.74000000E+03,  2.88150000E+02,  2.88152259E+02
shutdown,  2.75000000E+03,  2.88150000E+02,  2.88152145E+02
shutdown,  2.76000000E+03,  2.88150000E+02,  2.88152036E+02
shutdown,  2.77000000E+03,  2.88150000E+02,  2.88151933E+02
shutdown,  2.78000000E+03,  2.88150000E+02,  2.88151836E+02
shutdown,  2.79000000E+03,  2.88150000E+02,  2.88151743E+02
shutdown,  2.80000000E+03,  2.88150000E+02,  2.88151655E+02
shutdown,  2.81000000E+03,  2.88150000E+02,  2.88151571E+02
shutdown,  2.82000000E+03,  2.88150000E+02,  2.88151492E+02
shutdown,  2.83000000E+03,  2.88150000E+02,  2.88151416E+02
shutdown,  2.84000000E+03,  2.88150000E+02,  2.88151345E+02
shutdown,  2.85000000E+03,  2.88150000E+02,  2.88151277E+02
shutdown,  2.86000000E+03,  2.88150000E+02,  2.88151212E+02
shutdown,  2.87000000E+03,  2.88150000E+02,  2.88151151E+02
shutdown,  2.88000000E+03,  2.88150000E+02,  2.88151093E+02
shutdown,  2.89000000E+03,  2.88150000E+02,  2.88151037E+02
shutdown,  2.90000000E+03,  2.88150000E+02,  2.88150985E+02
shutdown,  2.91000000E+03,  2.88150000E+02,  2.88150935E+02
shutdown,  2.92000000E+03,  2.88150000E+02,  2.88150888E+02
shutdown,  2.93000000E+03,  2.88150000E+02,  2.88150843E+02
shutdown,  2.94000000E+03,  2.88150000E+02,  2.88150800E+02
shutdown,  2.95000000E+03,  2.88150000E+02,  2.88150760E+02
shutdown,  2.96000000E+03,  2.88150000E+02,  2.88150722E+02
shutdown,  2.97000000E+03,  2.88150000E+02,  2.88150685E+02
shutdown,  2.98000000E+03,  2.88150000E+02,  2.88150650E+02
shutdown,  2.99000000E+03,  2.88150000E+02,  2.88150618E+02
shutdown,  3.00000000E+03,  2.88150000E+02,  2.88150586E+02
shutdown,  3.01000000E+03,  2.88150000E+02,  2.88150557E+02
shutdown,  3.02000000E+03,  2.88150000E+02,  2.88150529E+02
shutdown,  3.03000000E+03,  2.88150000E+02,  2.88150502E+02
shutdown,  3.04000000E+03,  2.88150000E+02,  2.88150476E+02
shutdown,  3.05000000E+03,  2.88150000E+02,  2.88150452E+02
shutdown,  3.06000000E+03,  2.88150000E+02,  2.88150430E+02
shutdown,  3.07000000E+03,  2.88150000E+02,  2.88150408E+02
shutdown,  3.08000000E+03,  2.88150000E+02,  2.88150387E+02
shutdown,  3.09000000E+03,  2.88150000E+02,  2.88150368E+02
shutdown,  3.10000000E+03,  2.88150000E+02,  2.88150349E+02
shutdown,  3.11000000E+03,  2.88150000E+02,  2.88150331E+02
shutdown,  3.12000000E+03,  2.88150000E+02,  2.88150315E+02
shutdown,  3.13000000E+03,  2.88150000E+02,  2.88150299E+02
shutdown,  3.14000000E+03,  2.88150000E+02,  2.88150284E+02
shutdown,  3.15000000E+03,  2.88150000E+02,  2.88150269E+02
shutdown,  3.16000000E+03,  2.88150000E+02,  2.88150256E+02
shutdown,  3.17000000E+03,  2.88150000E+02,  2.88150243E+02
shutdown,  3.18000000E+03,  2.88150000E+02,  2.88150230E+02
shutdown,  3.19000000E+03,  2.88150000E+02,  2.88150219E+02
shutdown,  3.20000000E+03,  2.88150000E+02,  2.88150208E+02
shutdown,  3.21000000E+03,  2.88150000E+02,  2.88150197E+02
shutdown,  3.22000000E+03,  2.88150000E+02,  2.88150187E+02
shutdown,  3.23000000E+03,  2.88150000E+02,  2.88150178E+02
shutdown,  3.24000000E+03,  2.88150000E+02,  2.88150169E+02
shutdown,  3.25000000E+03,  2.88150000E+02,  2.88150160E+02
shutdown,  3.26000000E+03,  2.88150000E+02,  2.88150152E+02
shutdown,  3.27000000E+03,  2.88150000E+02,  2.88150145E+02
shutdown,  3.28000000E+03,  2.88150000E+02,  2.88150137E+02
shutdown,  3.29000000E+03,  2.88150000E+02,  2.88150130E+02
shutdown,  3.30000000E+03,  2.88150000E+02,  2.88150124E+02
shutdown,  3.31000000E+03,  2.88150000E+02,  2.88150117E+02
shutdown,  3.32000000E+03,  2.88150000E+02,  2.88150111E+02
shutdown,  3.33000000E+03,  2.88150000E+02,  2.88150106E+02
shutdown,  3.34000000E+03,  2.88150000E+02,  2.88150101E+02
shutdown,  3.35000000E+03,  2.88150000E+02,  2.88150095E+02
shutdown,  3.36000000E+03,  2.88150000E+02,  2.88150091E+02
shutdown,  3.37000000E+03,  2.88150000E+02,  2.88150086E+02
shutdown,  3.38000000E+03,  2.88150000E+02,  2.88150082E+02
shutdown,  3.39000000E+03,  2.88150000E+02,  2.88150078E+02
shutdown,  3.40000000E+03,  2.88150000E+02,  2.88150074E+02
shutdown,  3.41000000E+03,  2.88150000E+02,  2.88150070E+02
shutdown,  3.42000000E+03,  2.88150000E+02,  2.88150066E+02
shutdown,  3.43000000E+03,  2.88150000E+02,  2.88150063E+02
shutdown,  3.44000000E+03,  2.88150000E+02,  2.88150060E+02
shutdown,  3.45000000E+03,  2.88150000E+02,  2.88150057E+02
shutdown,  3.46000000E+03,  2.88150000E+02,  2.88150054E+02
shutdown,  3.47000000E+03,  2.88150000E+02,  2.88150051E+02
shutdown,  3.48000000E+03,  2.88150000E+02,  2.88150049E+02
shutdown,  3.49000000E+03,  2.88150000E+02,  2.88150046E+02
shutdown,  3.50000000E+03,  2.88150000E+02,  2.88150044E+02
shutdown,  3.51000000E+03,  2.88150000E+02,  2.88150042E+02
shutdown,  3.52000000E+03,  2.88150000E+02,  2.88150040E+02
shutdown,  3.53000000E+03,  2.88150000E+02,  2.88150038E+02
shutdown,  3.54000000E+03,  2.88150000E+02,  2.88150036E+02
shutdown,  3.55000000E+03,  2.88150000E+02,  2.88150034E+02
shutdown,  3.56000000E+03,  2.88150000E+02,  2.88150032E+02
shutdown,  3.57000000E+03,  2.88150000E+02,  2.88150030E+02
shutdown,  3.58000000E+03,  2.88150000E+02,  2.88150029E+02
shutdown,  3.59000000E+03,  2.88150000E+02,  2.88150027E+02
shutdown,  3.60000000E+03,  2.88150000E+02,  2.88150026E+02
